"","plot","x","y","block_BS.mod","TOTAL_cm","AHOR_cm","REDOX_cm","coverTotal","monoSp","GSM","LOI","fWAS","pH","EC","monoTreeName","ndvi_v1"
"1",1,1,1,"B",37.67,25,32,15,"BAPALB",0.226224134332698,6.67394215903047,77.1406735862476,6.99528963505023,109.986070821767,"Baptisia_alba",0.114852662635378
"2",2,1,2,"B",39.33,27.67,26.67,85,NA,0.231504839818659,6.73031468240794,77.9983625126179,6.94106389511731,115.03857407518,NA,0.45294834548196
"3",3,1,3,"B",38,22,10,55,"BLECIL",0.24226642427896,6.7481908634949,76.2643277222985,6.78257221721395,114.675837202687,"Blephilia_ciliata",0.147123802360938
"4",4,1,4,"B",40.67,24.33,27.83,85,"SOLSPE",0.254729205395681,6.67786439301029,72.3252262689116,6.58289743585418,109.621659770074,"Solidago_speciosa",0.538715330239851
"5",5,1,5,"A",40,25,40,35,"CEAAME",0.27150726302746,6.85655142532302,68.473473556639,6.46390825286336,90.6258777046977,"Ceanothus_americanus",0.378600423054569
"6",6,1,6,"A",39.67,23,36.5,35,"TRAOHI",0.285649369941722,7.18513125845781,64.7959536666624,6.36749516637502,73.2117150234845,"Tradescantia_ohiensis",0.228010411450101
"7",7,1,7,"A",42.33,23.33,NA,85,"LIAPYC",0.291944409401499,7.40655087971349,61.3260165821372,6.2392653226137,75.7233214941997,"Liatris_pycnostachya",0.403401229467648
"8",8,1,8,"A",43.67,30,NA,75,"PYCVIR",0.296153458040459,7.64591463687211,58.5813065244145,6.10434422675015,76.5828780656623,"Pycnanthemum_virginianum",0.317314973163442
"9",9,1,9,"",41.33,21.67,15,NA,NA,0.296976157336483,7.89189870963677,56.8431275697046,5.97227319936227,74.8213311337584,NA,0.316675284753826
"10",10,1,10,"A",42.67,23,NA,97,NA,0.28472502695411,8.0539602890163,58.2174713285,5.94475676752778,83.6669436174742,NA,0.385597467457817
"11",11,1,11,"",40.67,17.67,15,NA,NA,0.273614231244139,7.8453738049779,60.7154218084683,6.00206994145211,85.0012479293002,NA,0.223712810066036
"12",12,1,12,"A",42.33,42.33,NA,97,"HELHEL",0.271542159279905,7.36018315220277,65.1440258066969,6.16064594378021,74.9595908451113,"Heliopsis_helianthoides",0.409077279691441
"13",13,1,13,"",41.67,11.33,NA,NA,NA,0.279993449858612,7.82783904147078,71.8414566797212,6.31428095377266,75.2717827134122,NA,0.361871723625314
"14",14,1,14,"A",41.33,41,31.5,55,NA,0.299115598420391,8.91324652323389,78.9056988082684,6.484569429165,95.5394205726841,NA,0.542185398902891
"15",15,1,15,"A",42.33,42.33,36,75,NA,0.329112836651661,9.24031743409468,80.6925591938111,6.57219183008053,92.512699391282,NA,0.422513578171153
"16",16,1,16,"A",40.67,40.67,34,45,"SILINT",0.351787934259121,9.13798452702432,78.6201036197708,6.62203614971871,88.813097785397,"Silphium_integrifolium",0.405330755932801
"17",17,1,17,"A",40.33,37.67,36.5,25,"JUNINT",0.350029055386414,9.00760264982854,75.049867072929,6.70870990034477,113.310297294646,"Juncus_interior",0.356283464832809
"18",18,1,18,"A",40.67,40.67,38,45,"RUEHUM",0.340386135363731,9.05010632825281,73.1863814561986,6.74832512438432,125.751418194861,"Ruellia_humilis",0.248953175849468
"19",19,2,1,"B",41.67,26.67,27.33,0,"HELSTR",0.229146548924017,6.66584197498124,76.7246946498655,7.065196647366,104.302852180729,"Helianthus_strumosus",-0.108897480271012
"20",20,2,2,"B",35.67,25.5,35,97,"CXBLAN",0.233471189661796,6.83730127846352,79.0857239457985,7.01725006741348,115.552174306677,"Carex_blanda",0.38878996915862
"21",21,2,3,"B",40,25.67,15,97,"HIEODO",0.244976093887664,6.8362561766953,77.4811284549535,6.85997945587243,115.819055862696,"Hierochloe_odorata",0.440722897287344
"22",22,2,4,"B",40.33,30,29.67,75,NA,0.259059162797258,6.7815644077214,73.8370862097338,6.68159900079547,110.019597411697,NA,0.457070717834004
"23",23,2,5,"A",41,34,NA,65,NA,0.275609359959717,6.87184041078605,69.9068823380392,6.54051739266453,95.1447546717997,NA,0.492614842910791
"24",24,2,6,"A",43.33,43,NA,75,NA,0.290409993914911,7.11241306334479,65.9715952961587,6.41992630290356,85.0589024226908,NA,0.375039866218794
"25",25,2,7,"A",39.33,39.33,30,92.5,"KOEMAC",0.298720234875561,7.35671013555836,62.2678720275241,6.29620014822005,87.3358127209125,"Koeleria_pyramidata",0.213051317729687
"26",26,2,8,"A",42.5,42.5,NA,75,NA,0.301433850664641,7.63647111562622,59.6687534447761,6.16809203845053,89.0195107002833,NA,0.519495525850268
"27",27,2,9,"A",42.33,42.33,NA,85,"ANECAN",0.297075168334906,7.93493755123872,58.3232559275629,6.0407189938025,91.4604097536615,"Anemone_canadensis",0.439389615661049
"28",28,2,10,"A",42.33,42.33,NA,85,NA,0.284444522490723,8.23835534854314,58.9288634338935,5.94375750398937,100.504270008415,NA,0.493655457059436
"29",29,2,11,"A",42.67,42.67,NA,97,"HELMOL",0.272718163107748,8.16626438041092,60.9086032675494,5.93759639761295,102.665564987774,"Helianthus_mollis",0.520900158956543
"30",30,2,12,"A",40.33,40.33,NA,55,"CORPAL",0.271634777508407,7.04241836856475,64.6491501356012,6.161294864929,80.9574607866462,"Coreopsis_palmata",0.36427299188515
"31",31,2,13,"A",41.33,41.33,39.33,85,NA,0.282168338630029,7.6018372626715,71.2486483519913,6.28987972268979,70.7373211786233,NA,0.528623838944052
"32",32,2,14,"A",41.33,41.33,32.33,97,"CXANNE",0.301596690118662,9.36323226350052,80.4658638578911,6.50194057607908,110.038694550443,"Carex_annectens",0.438496850807302
"33",33,2,15,"A",40.33,40.33,27.33,55,"LIASPI",0.338888035039478,9.48822649555114,80.9675862243385,6.55511581676096,93.2596197088055,"Liatris_spicata",0.344910187623933
"34",34,2,16,"A",41,41,39,97,"OLIRIG",0.367243442401251,9.32913265437369,78.1702614423952,6.5475786525324,74.8120933264169,"Solidago_rigida",0.515804792657729
"35",35,2,17,"A",40.33,40.33,21.67,65,NA,0.352446246370997,9.26760510780966,72.9638018535802,6.58409260891717,112.776390926479,NA,0.445869933126775
"36",36,2,18,"A",41,41,32,75,NA,0.343828218247289,9.39308953972958,71.6065280292367,6.65743598089696,126.800276719214,NA,0.460910275071149
"37",37,3,1,"B",42.33,32,32.5,75,NA,0.234770051992343,6.44494381867226,73.7089401124527,7.13348163646608,85.2967693817536,NA,0.378172835778454
"38",38,3,2,"B",40,28.67,29,15,"BAPBRA",0.238558813408622,6.61188756105859,76.4046620256258,7.08056904218674,99.6125684073187,"Baptisia_bracteata",0.237838370088413
"39",39,3,3,"B",39.67,25.67,33.67,99.5,"RATPIN",0.247898537328208,6.74812545174736,77.0358959247091,6.95542469249866,108.377075113947,"Ratibida_pinnata",0.393993170359575
"40",40,3,4,"B",38.67,33.33,38,15,"ANTNEG",0.261142629119608,6.78431711544584,75.2795114662634,6.81658768596467,106.70333916486,"Antennaria_neglecta",-0.00205498906251538
"41",41,3,5,"A",42,33.67,22,97,"TEUCAN",0.276945423231052,6.81403564844052,72.1070537537353,6.67126687155149,98.1109139033285,"Teucrium_canadense",0.494865573924074
"42",42,3,6,"A",40,37.33,33,75,NA,0.294124886304048,6.96177691876518,67.9544209554373,6.53441005890014,96.0212717051998,NA,0.395085437291599
"43",43,3,7,"A",41.33,38.33,39,55,"VIOPDF",0.306027993078846,7.16824222085554,63.6935237479902,6.42023067653823,101.409458251988,"Viola_pedatifida",0.406985013009887
"44",44,3,8,"A",43,41.67,43,NA,NA,0.304292771348534,7.4696440858762,61.5352570504087,6.32217716466584,102.504570168488,NA,0.0493069582989925
"45",45,3,9,"A",43.33,43.33,NA,65,NA,0.293877572020404,7.81144862057062,60.774889116176,6.21057088027011,106.813352225363,NA,0.520425905998291
"46",46,3,10,"A",41.67,41.67,40,85,"SCHSCO",0.280863656234162,8.22523367159096,61.4472615340197,6.06748009942126,118.933001995889,"Schizachyrium_scoparium",0.455947786115713
"47",47,3,11,"A",41,40.67,16,92.5,NA,0.271159431660189,8.38085501379261,63.5535451209435,5.97372166453573,128.629048799792,NA,0.452581227894183
"48",48,3,12,"A",40.33,40,21,3,"ASCSYR",0.27740902750423,7.59913295912218,66.4165338508162,6.18543153049773,104.695437246246,"Asclepias_syriaca",0.126506026584266
"49",49,3,13,"A",40.33,40.33,7,99.5,NA,0.294195734680491,7.75115594169998,71.103229074349,6.36866877120336,94.027971115765,NA,0.514122136235511
"50",50,3,14,"A",41.67,41.67,24,75,NA,0.316926660461011,8.71639640594944,76.5277622340478,6.50733021437047,108.336656666154,NA,0.553186131005985
"51",51,3,15,"A",41.67,41.67,34,65,"ALLCER",0.341938323715036,9.13964249344748,77.8776954858387,6.5256746648416,95.6334245828718,"Allium_cernuum",0.27129702344535
"52",52,3,16,"A",40.67,40.67,23.33,7.5,"ALLCAN",0.355962168037443,9.26603808176826,75.9214386226198,6.48404610182255,82.7505853347972,"Allium_canadense",0.438812439962686
"53",53,3,17,"A",41.33,41.33,33,65,"EUPCOR",0.347251757812261,9.34955403335067,72.133370760811,6.49172886603846,100.715791998061,"Euphorbia_corollata",0.341989153483157
"54",54,3,18,"A",40,40,28.5,35,"ASCSUL",0.338493039902346,9.41794408894578,70.3525572179293,6.54712610181017,112.869790535408,"Asclepias_sullivantii",0.517063803444796
"55",55,4,1,"B",41.33,28.33,35,65,NA,0.233654088159777,6.54220530486101,71.3377215622604,7.10101910238878,94.2929737239266,NA,0.510115270515859
"56",56,4,2,"B",38,31,NA,65,"SILLAC",0.238331114315704,6.56025041377355,73.79284133179,7.09088500073171,97.6107344663356,"Silphium_laciniatum",0.341179318101726
"57",57,4,3,"B",38.33,27,31,NA,NA,0.246478621053775,6.67762287411481,76.1680442844893,7.03174547651149,101.917694453495,NA,0.367535077619514
"58",58,4,4,"B",42,29,38,NA,NA,0.256321767574274,6.71771224629838,76.6639061444528,6.94902443916932,101.914216747002,NA,0.452046432470098
"59",59,4,5,"A",43,31,NA,85,"BOUCUR",0.268839621406324,6.7150954353172,75.1347347488273,6.82959321016127,97.2452487480272,"Bouteloua_curtipendula",0.413443413357994
"60",60,4,6,"A",43,35,40,85,NA,0.285504247982182,6.91232766752753,71.7074552549608,6.67278971416906,99.4589078531386,NA,0.413783489525021
"61",61,4,7,"A",41.33,33,8,55,NA,0.301285363105344,7.00521219455409,66.2865263635055,6.5543363817632,106.514227950178,NA,0.402230149389079
"62",62,4,8,"A",40.67,38,NA,NA,NA,0.292022696235936,7.243968452391,64.4803373400059,6.51287228918767,104.827972539991,NA,0.468612065835898
"63",63,4,9,"A",40.33,39.67,NA,75,"SOLNEM",0.27969815685674,7.51933784179909,64.1829820014268,6.46945985766273,110.291255366267,"Solidago_nemoralis",0.474959127152159
"64",64,4,10,"A",40.33,39,26.5,65,NA,0.270084155691654,7.86411070792994,65.1497981442604,6.35992718750119,119.814478105865,NA,0.44860033509136
"65",65,4,11,"A",40.33,37.33,22,25,"SENMAR",0.26722058677219,8.01923631029284,66.9188576462485,6.29414422064597,123.40622961255,"Senna_marilandica",-0.00824144080917396
"66",66,4,12,"A",41,41,32,15,"PHLPIL",0.277476622334765,7.79257302110976,69.2746313692947,6.38998237772238,112.63443281412,"Phlox_pilosa",0.372127085593063
"67",67,4,13,"A",42.33,38.33,23,NA,NA,0.298779460232143,7.70752878285536,71.6081346084998,6.51331051894355,106.624049671461,NA,0.423952682097035
"68",68,4,14,"A",40.67,40.67,31.33,75,"ANDGER",0.324184031247811,7.9478599728741,73.2385189724921,6.5724518777887,108.533519323582,"Andropogon_gerardii",0.436222465394002
"69",69,4,15,"A",39.67,39.67,40,85,"ZIZAUR",0.332461652726551,8.57328611824393,74.9699215209354,6.51172266962315,93.3091447439531,"Zizia_aurea",0.479892248098732
"70",70,4,16,"A",40.33,40.33,20,85,NA,0.333957831141938,9.04040588702201,74.3315504477142,6.42090530772458,82.0849747201478,NA,0.531014101220942
"71",71,4,17,"A",40.33,40.33,18.67,55,"SENHEB",0.32964473266816,9.26991168988024,71.5532076348879,6.41365568264675,88.6157528060331,"Senna_hebecarpa",0.314760325327677
"72",72,4,18,"A",41.67,41.67,19.67,99.5,"SYMERI",0.324099193023999,9.33708533840316,69.5741683147817,6.46111417059522,97.5956089610694,"Symphyotrichum_ericoides",0.496305985885684
"73",73,5,1,"B",42,27.33,23.67,75,"BRIEUP",0.229662300733848,6.84355323656756,69.544722874569,7.06189943523217,107.618682609252,"Brickellia_eupatorioides",0.43679728547538
"74",74,5,2,"B",40.67,31.67,34,92.5,NA,0.23502891650503,6.83153027643582,72.7806066189949,7.09125916414124,102.075006877285,NA,0.504966483502596
"75",75,5,3,"B",39.67,27.67,26,75,"LIASCN",0.241571294318586,6.82511356705654,76.2707519914087,7.08690071358146,100.697376437273,"Liatris_scariosa",0.46546369172248
"76",76,5,4,"B",40,28.67,NA,55,"CXGRAV",0.247044551408869,6.75712449948479,78.146253754504,7.05338494510407,99.8254738341151,"Carex_gravida",0.360724522735966
"77",77,5,5,"B",42.67,28.67,19.5,97,"PANVIR",0.251667696183444,6.65426840784147,78.6403601683405,6.97154765519475,93.9483431828231,"Panicum_virgatum",0.337185208418937
"78",78,5,6,"B",41,27.33,NA,75,NA,0.259170594621942,7.15002454379435,77.3556216602239,6.75353096029859,94.2373661753664,NA,0.347356150890224
"79",79,5,7,"B",39,32,38,75,NA,0.259663557485893,7.21173024958041,72.7219103112684,6.6432528075418,80.6362781687032,NA,0.421435599443402
"80",80,5,8,"B",39,30,NA,97,"AGASCR",0.263220389396543,7.13334653365115,68.2920177855012,6.64765739908419,92.5954057998619,"Agastache_scrophulariifolia",0.510951917400722
"81",81,5,9,"B",42,30.67,NA,75,"MONBRA",0.260767357504325,7.19357658460945,67.2073608952753,6.73282886161006,107.061569474769,"Monarda_bradburiana",0.359819872167985
"82",82,5,10,"B",40,33.33,30,92.5,NA,0.256155406921052,7.43119680443054,68.1569001623282,6.65121704173536,114.055068642153,NA,0.421814750219029
"83",83,5,11,"B",39.33,35.67,33.5,35,"JUNDUD",0.257599114442272,7.57561545077833,69.8956669477002,6.6197211682216,110.175145193551,"Juncus_dudleyi",0.286328569238218
"84",84,5,12,"B",36.33,36,25,25,"DALPUR",0.267672853080004,7.59599812625382,71.9679686510804,6.65945447052035,102.091814316992,"Dalea_purpurea",0.445820391319241
"85",85,5,13,"B",40.67,34.33,NA,65,NA,0.284098761276581,7.60510606175661,73.2055738974381,6.66749683289912,99.7108016447675,NA,0.410667610224602
"86",86,5,14,"B",39.33,39.33,34.5,15,"JUNTEN",0.300226215979262,7.81012847535088,74.0185212923016,6.62264490633595,97.1077269450695,"Juncus_tenuis",0.473712109143945
"87",87,5,15,"A",41,41,20.33,75,NA,0.306219292550126,8.33943925770731,74.9556734328584,6.50671619177817,83.564229195717,NA,0.414473813755565
"88",88,5,16,"A",39.67,39.67,27.67,85,NA,0.306534151180939,8.91372965699077,74.4497180517199,6.36448515171861,71.1029035614983,NA,0.405130169095659
"89",89,5,17,"A",39.33,39.33,26,85,"RUDTRI",0.305485369627201,9.2478208737095,71.2864548817181,6.36099904533065,79.3950358170799,"Rudbeckia_triloba",0.290322953385924
"90",90,5,18,"A",40.67,40.67,NA,75,NA,0.303898988363304,9.34404294865867,69.1360208539633,6.41392448763151,88.2642776492261,NA,0.500242919067443
"91",91,6,1,"B",40.33,27.67,NA,75,"DESCAN",0.23472521849996,7.47536761996556,70.5261560428381,7.10727667992186,88.8074013371424,"Desmodium_canadense",0.485438849940818
"92",92,6,2,"B",40,32.33,9,92.5,NA,0.235732909954225,7.39571908540859,73.9444397010027,7.09106454068728,97.7474069183489,NA,0.505691266855901
"93",93,6,3,"B",38,26.33,34.5,75,"HYPPYR",0.237465463482374,7.16483377783592,77.1831794363908,7.08596823193675,101.885115152678,"Hypericum_pyramidatum",0.412170887837226
"94",94,6,4,"B",37.67,25.67,29.33,65,NA,0.237777494671117,6.9846835797404,79.2980599278969,7.05721289681271,101.160527838315,NA,0.365691249386267
"95",95,6,5,"B",41.33,25.33,27,85,NA,0.238600717246513,7.00044003664262,80.3167497448767,6.98349680795977,97.2775254734439,NA,0.407971126866887
"96",96,6,6,"B",40.33,26.33,NA,65,NA,0.239481721761965,7.20304910968852,77.9857940229892,6.78404403349031,88.5301268125638,NA,0.361167591864477
"97",97,6,7,"B",40.33,29.33,22,65,"CXBICK",0.243947707599876,7.09843512795991,72.0686051770548,6.52751717079712,80.1839133908925,"Carex_bicknellii",0.404243802204399
"98",98,6,8,"B",42,31.67,NA,85,NA,0.24444749149983,6.96821139569803,69.6826382190019,6.60312935173057,91.5636762064596,NA,0.417199871779057
"99",99,6,9,"B",40.67,33.33,34.5,92.5,NA,0.243016329489792,7.02629263278551,69.6682970808741,6.7365499109684,108.062828893466,NA,0.5245626853978
"100",100,6,10,"B",40,31.67,36,45,"GENAND",0.241161991657631,7.17962754919628,70.6180990805296,6.76585084356766,115.06369320676,"Gentiana_andrewsii",0.3961421671374
"101",101,6,11,"B",39.67,30.67,5,85,"PENDIG",0.244613333031139,7.26082246294998,72.1872255011405,6.8047703008099,102.862972677293,"Penstemon_digitalis",0.414553910676166
"102",102,6,12,"B",40,32.67,36,75,NA,0.253233204051622,7.33337428612386,74.0808247385166,6.86551495648119,85.3522753870086,NA,0.440642125340617
"103",103,6,13,"B",40.67,31,34.67,25,"CAMROT",0.262480146629248,7.43755824349199,74.2661895875559,6.78164838003113,86.5320876571015,"Campanula_rotundifolia",0.0941313781740045
"104",104,6,14,"B",39.67,35.33,18,75,NA,0.272330369243925,7.74195953355162,74.5849171653612,6.68385776347505,86.6077132769327,NA,0.50928737717902
"105",105,6,15,"A",40.67,40.67,26,75,NA,0.279018298968709,8.26447256898493,75.0519781842228,6.57777419015555,80.9679552099006,NA,0.460252912030004
"106",106,6,16,"A",39.67,39.67,38,85,"PHYVIR",0.282387704633297,8.88856672059999,74.2714102671394,6.46285529365212,77.6989857136665,"Physostegia_virginiana",0.540488522172046
"107",107,6,17,"A",40.33,40.33,27,15,"AGATEN",0.283446848171306,9.32147587742071,70.9132074203303,6.41226764191497,81.550466154054,"Agalinis_tenuifolia",0.10486898711262
"108",108,6,18,"A",40.67,40.67,18,65,"PARINT",0.285284607970508,9.4462925209671,69.1724073312698,6.46109535118051,87.7683164806791,"Parthenium_integrifolium",0.379022221746482
"109",109,7,1,"B",41.67,29.33,31.33,97,"HELAUT",0.235200908801637,7.76343488011113,73.1405009057833,7.15115833121036,88.6485872601905,"Helenium_autumnale",0.505063575837399
"110",110,7,2,"B",39.67,33.67,32.67,65,NA,0.235728405253152,7.83700600589203,76.2555312615249,7.08191251973011,99.9796648406898,NA,0.444176641812324
"111",111,7,3,"B",40,32.33,30.67,97,"SYMNOV",0.231992326084541,7.37697731225364,78.0462714907636,7.06783785198931,101.311371249305,"Symphyotrichum_novae-angliae",0.510059766692407
"112",112,7,4,"B",41,30.33,35.5,65,NA,0.230182021992382,7.0734431065618,79.2714755832317,7.05821294150956,98.6475816466814,NA,0.40245960615493
"113",113,7,5,"",40,24.33,28,NA,NA,0.235355171819951,7.08495488988526,79.950850197582,7.00493296805506,101.033014998792,NA,0.2817797511351
"114",114,7,6,"B",40.33,32.67,31,99.5,"HELPAU",0.245852348698391,7.1207186123143,78.9682476587476,6.86613881449308,103.645692324024,"Helianthus_pauciflorus",0.530929480194838
"115",115,7,7,"B",42.67,29.33,35.5,92.5,"EUTGRA",0.243017852518538,6.85639139326254,74.2074763154196,6.57874970846648,87.7825750444445,"Euthamia_graminifolia",0.546856609676747
"116",116,7,8,"B",40,29,36,85,NA,0.235266047309069,6.74867539423709,71.6014365125004,6.565859756785,91.6864615564243,NA,0.40460397404241
"117",117,7,9,"B",40,27.5,36,45,"VERGIG",0.229923322434916,6.9015756461974,71.6824180525217,6.6749355270385,107.81010615395,"Vernonia_altissima",0.457566469219708
"118",118,7,10,"B",41,30.67,16.67,NA,NA,0.22677778091506,7.05670984459147,72.2513492733077,6.75817134426435,120.237936944654,NA,0.424336166468189
"119",119,7,11,"B",40.33,32.67,40,25,"ASTCAN",0.231011601519341,7.01805949909632,72.8655954279182,6.82240104457599,102.805442909904,"Astragalus_canadensis",0.185659877046349
"120",120,7,12,"B",41,28,25,75,NA,0.237577738511851,7.03139095067881,73.604547046154,6.85936829233647,85.4112680450093,NA,0.334800275889478
"121",121,7,13,"B",40,29.33,28,25,"LESCAP",0.242768436640035,7.16829112096547,73.7423094436216,6.81052275280398,81.8935520061297,"Lespedeza_capitata",0.215050118559422
"122",122,7,14,"B",39.67,30,22,0,"CAMSCI",0.248744776925548,7.53233915271441,74.2059795500675,6.74040238334382,82.613794874173,"Camassia_scilloides",0.385763573524776
"123",123,7,15,"A",43,34,16,75,"DESILL",0.257748918859565,8.16012462258993,75.0675646590628,6.68119507712085,83.6104190083595,"Desmodium_illinoense",0.48553118082948
"124",124,7,16,"A",40.67,40.33,31,75,NA,0.268162143006267,8.9565685926873,75.2724558899859,6.62382683549874,87.6750397802854,NA,0.473673752510294
"125",125,7,17,"A",41,41,27,25,"BROKAL",0.274799034909314,9.49994878593018,72.9109734029514,6.58345288346972,91.2054471875513,"Bromus_kalmii",0.125106363922454
"126",126,7,18,"A",41,41,22,97,"CHAFAS",0.274866069867884,9.57675945163959,69.9216978272577,6.6122640720328,94.7399871562779,"Chamaecrista_fasciculata",0.662348005740095
"127",127,8,1,"B",40,33,21.5,65,"POTARU",0.231560477296491,7.56699413162225,73.9774488696727,7.24425635508358,86.5437344975376,"Potentilla_arguta",0.313261424632098
"128",128,8,2,"B",33.33,30.33,19,75,NA,0.228987650029628,7.52992959312759,76.0714695738823,7.14319445655343,93.2429238276606,NA,0.344192477387771
"129",129,8,3,"B",40,26,21.67,75,"ECHPUR",0.222946849411746,7.19503002750021,77.7828029122433,7.07850786643464,94.5463501900663,"Echinacea_purpurea",0.259100073024842
"130",130,8,4,"B",39.33,30.33,34,85,"CXBREV",0.221224189560564,6.84708556880863,78.038894499372,7.06083035492824,91.5813521135159,"Carex_brevior",0.364116404028094
"131",131,8,5,"B",40,29.67,32,55,"SILTER",0.226487644680893,6.74142923813813,77.726435144617,6.99410820382561,91.4216662700645,"Silphium_terebinthinaceum",0.437422699325681
"132",132,8,6,"B",40.33,31.33,15,55,"SPOHET",0.233905805199499,6.71755446273668,77.7852515098908,6.82116892269969,87.6107524624315,"Sporobolus_heterolepis",0.331804390115056
"133",133,8,7,"B",41,28,33,75,"ROSCAR",0.233367454223651,6.47567435070069,75.8308183635857,6.55634453377745,72.339463873813,"Rosa_carolina",0.327276388980266
"134",134,8,8,"B",39.67,31,31,45,"RUDHIR",0.224340719816584,6.45911127202964,73.4891545818703,6.57843540621119,78.7323369205133,"Rudbeckia_hirta",0.0843610402371034
"135",135,8,9,"B",40.67,31.67,31.5,65,NA,0.2196021104176,6.6962276086759,73.0686410911997,6.64478182504693,90.9755793151951,NA,0.387498399319666
"136",136,8,10,"B",41.33,28,25.33,85,"ROSBLA",0.220363270621174,6.86130321015828,73.300241293721,6.70020848313171,97.0756785857982,"Rosa_blanda",0.50705266193229
"137",137,8,11,"B",41.33,31.67,13,75,"THADAS",0.222529049712617,6.74782997054748,72.8565889009784,6.76011517933983,91.240760554619,"Thalictrum_dasycarpum",0.27614120360564
"138",138,8,12,"B",41.67,31.33,21,65,NA,0.226123530409485,6.70855544220101,72.6989156084794,6.81585362571459,82.2808745126483,NA,0.431820237442962
"139",139,8,13,"",41.33,19.33,16.33,NA,NA,0.226454358110783,6.82341629169499,72.7275830893616,6.80448652532816,79.346505708081,NA,0.22470428159509
"140",140,8,14,"B",40.67,32.33,20,75,"AGANEP",0.227640242972401,7.17059907891189,73.3887532659352,6.77008496704624,81.7091656905781,"Agastache_nepetoides",0.505488959252352
"141",141,8,15,"A",40,29.33,32.5,85,"EUPALT",0.237729756996794,7.92047501705748,75.3550978129723,6.7624627537872,87.0255750788898,"Eupatorium_altissimum",0.483202317934279
"142",142,8,16,"A",41.33,40,NA,65,"ASCVER",0.256295287531918,8.94626465700197,76.919095351107,6.74744086380211,93.3310420129846,"Asclepias_verticillata",0.464218206604068
"143",143,8,17,"A",41.33,39.67,NA,55,"OENPIL",0.270385368066271,9.72951840615098,75.9137661353989,6.73211575445156,97.9943422414539,"Oenothera_pilosella",0.485565070330197
"144",144,8,18,"A",40.67,40.67,NA,75,"ZIZAPT",0.266017063109461,9.58306652683571,70.449830576778,6.76178028079346,102.278477373692,"Zizia_aptera",0.440451140818593
"145",145,9,1,"C",39.33,29.33,33,0,"LILMIC",0.226343463808641,7.27720887424313,74.7022565794247,7.15848114466964,86.212739886409,"Lilium_michiganense",0.153094705725285
"146",146,9,2,"C",39.33,33.33,31,99.5,"RUDFUL",0.221139514016289,7.12499347047019,76.0424829745301,7.10708438243473,88.2742368861437,"Rudbeckia_fulgida",0.475830028112379
"147",147,9,3,"C",41,25,20.67,85,NA,0.21353264208708,6.82779457722433,77.0218184568893,7.05938066467201,87.8324284879509,NA,0.511532013284266
"148",148,9,4,"C",40.33,22.67,16,65,NA,0.209916507724227,6.44102031621659,76.4893936259532,7.05196177514313,82.5918673671315,NA,0.426654706458191
"149",149,9,5,"C",40.33,27,19.33,55,"ASCTUB",0.210288565904816,6.23706071009397,75.8247665223454,7.01104146476035,75.1359872763545,"Asclepias_tuberosa",0.241979996173497
"150",150,9,6,"C",39.67,29.33,22,75,NA,0.215415984761548,6.32861724657614,76.5338984799578,6.84052285956913,69.0555184674372,NA,0.426852403494234
"151",151,9,7,"C",39.33,29,12,75,NA,0.215179481450652,6.31570346976147,75.2122697608645,6.66035357639651,64.1902384124559,NA,0.512708342707861
"152",152,9,8,"C",41,29,31,85,NA,0.207959079291362,6.21524694988828,72.9970495076223,6.66010569326538,66.8892782821197,NA,0.414137001666005
"153",153,9,9,"C",40,28.33,31.33,92.5,"RUDSUB",0.210208503085527,6.49630866272793,73.1126517897244,6.63223378833098,70.8674150228575,"Rudbeckia_subtomentosa",0.458856136586556
"154",154,9,10,"C",38.67,30,32.5,65,NA,0.215690055795196,6.71769318124293,74.0401622317167,6.63196344192419,73.4126769217606,NA,0.427125085316982
"155",155,9,11,"C",39.67,28.33,20.33,75,"ARNPLA",0.214706440810644,6.43761672001492,73.0987605350852,6.68549341125541,78.3785962114837,"Arnoglossum_plantagineum",0.351420274946614
"156",156,9,12,"C",40.33,31.67,6,65,"LIAASP",0.2185767260581,6.40427465357156,73.0600909014648,6.81726387348509,75.2024501999211,"Liatris_aspera",0.292267780883079
"157",157,9,13,"C",40.67,27.33,14.33,55,"VERMIS",0.21327270453128,6.46481480698643,73.2761099482336,6.82281905176418,76.8088170062842,"Vernonia_missurica",0.226049315162273
"158",158,9,14,"C",40,26.67,21.33,3,"HYPPUN",0.2086503413847,6.68550133729643,73.6016288869571,6.80648089042466,83.5562365758753,"Hypericum_punctatum",0.364754570309609
"159",159,9,15,"C",39.33,30.67,8,65,NA,0.218460816493599,7.50631006527814,76.5931800776635,6.8541814900283,95.2312087982234,NA,0.440982315758814
"160",160,9,16,"C",41,35.67,39,75,NA,0.238730029885306,8.54783579899257,77.9834171519264,6.84434742525309,98.7192532443821,NA,0.438461790030159
"161",161,9,17,"",40.67,40.67,35.5,NA,NA,0.253065122845105,9.28385924987554,76.2585069102462,6.80440420037322,98.1216437347556,NA,0.38309474318733
"162",162,9,18,"",41,41,2,NA,NA,0.253401814398005,9.39072892048923,72.890393096578,6.79635160929955,99.1064608249312,NA,0.384118593643645
"163",163,10,1,"C",39.33,29.33,38,75,NA,0.222214946920645,6.98850156169862,75.7961055852373,7.03220827533748,88.7339378811854,NA,0.352961886131116
"164",164,10,2,"C",39.33,28.33,29.33,NA,"CASCOC",0.215488204072535,6.78804188537023,76.6060727157418,7.00151644201689,88.2257299273435,"Castilleja_coccinea",-0.08534031170511
"165",165,10,3,"C",39.67,27.67,24,65,"SPIALB",0.206002813961288,6.42405595234937,76.3275148612711,6.9873345355954,85.6421075849814,"Spiraea_alba",0.362794125918039
"166",166,10,4,"C",39.33,24.67,31,55,"ELYCAN",0.199895372957678,6.07399741404355,75.800660838723,7.0164920929748,78.0250609482315,"Elymus_canadensis",-0.0425909322269269
"167",167,10,5,"C",39.33,23,22.33,75,"SYMLAE",0.199680763204222,6.01594560406555,77.9644166411273,7.05825158452049,63.299851421418,"Symphyotrichum_laeve",0.400134971839969
"168",168,10,6,"C",39,22.67,27,85,"MONFIS",0.206388500790616,6.19082045487231,76.7833360907855,6.89229282230843,60.5708614654506,"Monarda_fistulosa",0.338471730838451
"169",169,10,7,"C",40.33,25.67,18.33,55,"ERYYUC",0.206174247689917,6.30602682526412,73.7393830056711,6.6903614110154,60.5635150371379,"Eryngium_yuccifolium",0.233803586977133
"170",170,10,8,"C",40.33,26.67,29,15,"ASCHIR",0.199317374550292,6.27967542722217,70.4950949697719,6.5697268284843,61.6273801164526,"Asclepias_hirtella",0.445542265811779
"171",171,10,9,"C",39.67,27,21.67,85,NA,0.201798126034765,6.39075298837219,72.0729565708038,6.56959978517156,64.9575175337336,NA,0.467677657886612
"172",172,10,10,"C",39.33,28,28.67,55,NA,0.206169545537063,6.49332139513041,73.9129812831663,6.59345523600996,67.5466422718043,NA,0.355299594268908
"173",173,10,11,"C",40.33,28.67,35,0,"MAIRAC",0.208024826318027,6.35628368310487,74.2786118262382,6.67297800207217,72.0940460277934,"Maianthemum_racemosum",-0.0687630017654088
"174",174,10,12,"C",40.33,29.67,21.5,75,NA,0.209325367075732,6.27312476064389,74.9980465245073,6.79640383871085,73.6685449600968,NA,0.342550759168856
"175",175,10,13,"C",40,25.33,15.33,15,"AMOCAN",0.205458221825679,6.29330949701138,75.7631687439623,6.8656453580817,76.9001214938281,"Amorpha_canescens",0.0186458829189208
"176",176,10,14,"C",39,27.67,6.67,55,"PYCPIL",0.201817290342368,6.51700712432956,76.7362542037284,6.91522081411904,88.2269585251292,"Pycnanthemum_pilosum",0.19465421018407
"177",177,10,15,"C",39.5,29.75,21,75,"SYMSER",0.206757197920754,7.17703042660703,79.3836990222719,6.97945707678614,104.140595086896,"Symphyotrichum_sericeum",0.364456060902116
"178",178,10,16,"C",40,35,26.5,55,"POLREP",0.226206738751102,8.12153297989771,79.6799369022689,6.91407694078882,101.725389620811,"Polemonium_reptans",0.29201027231015
"179",179,10,17,"",40,40,33,NA,NA,0.23891043615828,8.83145203935774,77.5963584804837,6.83294389121973,96.2002381327146,NA,0.4309961731779
"180",180,10,18,"C",40.67,40.67,21.67,97,"SISANG",0.240676360211354,9.09054080032401,75.3496471150479,6.80140832537063,94.3414584947859,"Sisyrinchium_angustifolium",0.406254914673477
"181",181,11,1,"C",38.67,27.67,7.5,75,NA,0.219806539465557,6.70060238174673,76.9972499013472,6.93428092255713,93.7956179713187,NA,0.305933885372668
"182",182,11,2,"C",39.67,26.33,21.5,65,NA,0.212899591459552,6.48719427918947,77.6511079294842,6.89322669295275,91.0930748807592,NA,0.383442743361469
"183",183,11,3,"C",39,27.33,12,3,"DODMEA",0.203150572638044,6.12528675390998,76.0865933521917,6.90231803448054,86.5666986021288,"Dodecatheon_meadia",-0.0965130108309196
"184",184,11,4,"C",39.67,23.33,14.33,NA,NA,0.195486345019622,5.8458215285117,74.474283884943,6.94371046271017,82.9431157650251,NA,-0.0521528731638451
"185",185,11,5,"C",38.33,23.67,16,65,NA,0.199786917344512,6.09239994439354,76.6612094312769,6.9911675561349,74.9782589982189,NA,0.457043655407589
"186",186,11,6,"C",39,22.67,16.67,85,"DSMILL",0.209978570635753,6.29704449060297,75.5011769798662,6.87268578409927,69.7583050306384,"Desmanthus_illinoensis",0.418984236273848
"187",187,11,7,"C",40,26.67,13.33,97,"ROSSET",0.211657500727269,6.31338367741132,72.682822091181,6.67936350995298,69.8218630944181,"Rosa_setigera",0.537106034759788
"188",188,11,8,"C",39.33,27,25.33,75,NA,0.204903641067696,6.29795875525131,71.3008321100116,6.5373255653178,70.7413525220458,NA,0.346111692998062
"189",189,11,9,"C",39.67,30.33,28,65,"HEURIC",0.201964344649682,6.41385175070628,73.1565938352157,6.50698653385616,68.5762734470691,"Heuchera_richardsonii",0.244327819428248
"190",190,11,10,"C",40,26.67,37.5,NA,"VERSTR",0.202377549523707,6.55401627775849,75.3739345759794,6.54448816544439,67.4287098350318,"Verbena_stricta",0.041575660544427
"191",191,11,11,"C",40.33,27.67,35.5,75,"PYCTEN",0.208871364875172,6.42024942938265,75.6116060251578,6.63820850678818,71.6128102044527,"Pycnanthemum_tenuifolium",0.248514971883238
"192",192,11,12,"C",41.33,24.33,23,55,NA,0.209766078014041,6.22664982316583,76.5959930229352,6.76706970504548,74.3914116898361,NA,0.358761267097177
"193",193,11,13,"C",40.67,22.67,15.67,92.5,"HELOCC",0.204833258925945,6.17356531442598,78.2198725298595,6.88000224682953,77.6695378788177,"Helianthus_occidentalis",0.361666586956606
"194",194,11,14,"C",42,22,3.5,NA,NA,0.205250200664471,6.39027660886778,78.6355422192969,6.9482232237934,87.851845083599,NA,0.362758430866392
"195",195,11,15,"C",39.33,26,14,75,NA,0.212416038547926,6.98517218478854,79.7721895972674,6.98216699567164,97.5450300600868,NA,0.486182851004965
"196",196,11,16,"C",39.33,35.33,28,75,NA,0.226735865390729,7.81553314301211,80.5802062534558,6.91143748298376,97.4199993474623,NA,0.479725273441484
"197",197,11,17,"C",39.33,32.33,21.5,45,"ANEVIR",0.233913209168036,8.55421368280117,79.2272702626803,6.83358863912764,92.318331019924,"Anemone_virginiana",0.407148248827052
"198",198,11,18,"C",40,38.67,15,55,"VERFAS",0.233419660164218,8.93134736142375,77.9248915816096,6.78966320271413,89.1414283212029,"Vernonia_fasciculata",0.432897921885615
"199",199,12,1,"C",39.5,33.5,15,92.5,NA,0.219980961568364,6.44449081857759,78.1319867555734,6.89750496381809,96.0634250850977,NA,0.336542687239128
"200",200,12,2,"C",41.5,31,15,65,"ECHPAL",0.214394554632723,6.23876359979712,78.2812154308577,6.87888891290222,90.9763474360361,"Echinacea_pallida",0.309724691746174
"201",201,12,3,"C",39.33,25.33,23,55,NA,0.207295341616464,5.98586705834255,77.0267468893091,6.87387229034828,85.8715219301749,NA,0.482677759390732
"202",202,12,4,"C",40,25.67,16,85,"CXMOLE",0.203063692579658,5.95397372469066,76.1872351775199,6.91056440995051,85.1669335067669,"Carex_molesta",0.385842524535521
"203",203,12,5,"C",40.33,22,13.5,92.5,"PENHIR",0.208028419344841,6.29202609770187,76.5492274298141,6.95973822730358,86.5059912009662,"Penstemon_hirsutus",0.265683225537077
"204",204,12,6,"C",40,25.67,28.5,25,"ANECYL",0.224305883035243,6.40435338436421,74.4284114406519,6.82995496610107,84.1597426479938,"Anemone_cylindrica",0.404016651707957
"205",205,12,7,"C",41.33,28.33,17.67,75,NA,0.233251283455709,6.38677513974781,72.0018602002748,6.65002579972696,85.1421902267196,NA,0.35503421017071
"206",206,12,8,"C",39.67,25,21,3,"POLBIC",0.223790565750327,6.29868880719118,71.8304175600837,6.52109623060568,86.1151609648304,"Polygonatum_biflorum",-0.0296725647828899
"207",207,12,9,"C",40.67,29,31,85,"CXNORM",0.21885387275892,6.40660387531963,73.6800859696471,6.487553995053,70.7514183604666,"Carex_normalis",0.274402975023616
"208",208,12,10,"C",40.33,29.67,10,92.5,"ERASPE",0.214563589830196,6.80795259787437,75.6234919378889,6.5384871932613,66.5284291803075,"Eragrostis_spectabilis",0.351793394892599
"209",209,12,11,"C",39,26.33,29.33,85,"SORNUT",0.227363050988143,6.43921273466521,73.1854380811793,6.61441500542821,77.4039264085869,"Sorghastrum_nutans",0.410996765759314
"210",210,12,12,"C",39,25.67,23,25,"VERVIR",0.222800399712405,6.13124628248651,75.3371577856256,6.72179505818996,78.5762337767971,"Veronicastrum_virginicum",0.122486714364701
"211",211,12,13,"C",39.33,24,33.67,65,NA,0.210597629017904,6.04952573930892,78.5698548377119,6.84881602655857,76.9372543713865,NA,0.219183674110214
"212",212,12,14,"C",40,23.33,27.67,15,"DALCAN",0.214196125271747,6.21135539118861,77.3947734843964,6.90952918738342,85.3284200283679,"Dalea_candida",0.361382695900451
"213",213,12,15,"C",36,24,18.33,65,"SYMOOL",0.223702040787149,6.72682360107806,77.246838616344,6.9476508313594,94.4179980284583,"Symphyotrichum_oolentangiense",0.372647705467148
"214",214,12,16,"C",39.67,32,33,85,"SOLJUN",0.234838659677801,7.53386196764592,78.191086386858,6.91423684025663,96.3522995695468,"Solidago_juncea",0.362368759535234
"215",215,12,17,"C",41,28.67,28,85,NA,0.238567510286251,8.35669709765816,78.6421802180895,6.84704212957032,92.0828245047493,NA,0.451427680689592
"216",216,12,18,"C",40.33,32.67,NA,NA,NA,0.234973038122858,8.87054839782818,78.9715080353331,6.78585057538578,86.5057272577724,NA,0.374434736581659
"217",217,13,1,"",38,32.5,22.5,NA,NA,0.221897281741714,6.22723150660593,79.5338379212616,6.89206345261633,91.5424111430804,NA,0.386426448819292
"218",218,13,2,"D",40,28,15,15,"ANTNEG",0.218899219074939,5.99861957134686,79.5841588116586,6.8917220366551,87.3363884674171,"Antennaria_neglecta",-0.136967137960534
"219",219,13,3,"D",40.67,25,15.5,75,NA,0.215037138985344,5.76297750837348,78.5919766861568,6.87185981987656,82.055096980116,NA,0.29616307581352
"220",220,13,4,"",40,15,22.5,NA,NA,0.212439601187458,5.73097604073907,77.1326416977223,6.84653983156749,81.2375059737366,NA,-0.00953498819637598
"221",221,13,5,"D",40.33,17.67,20,35,"TRAOHI",0.219365056859485,5.94042609689609,75.5061118809106,6.86689710497316,85.5556951056886,"Tradescantia_ohiensis",0.0562075605908511
"222",222,13,6,"D",41,27,23,55,NA,0.239529095744183,6.20027519499496,73.512466250251,6.79064106161507,90.5293083649365,NA,0.451254744477934
"223",223,13,7,"D",39.5,28.5,24,55,NA,0.261194843573794,6.36714572217303,71.4304679560697,6.65314395080283,93.3657797015659,NA,0.350987540879617
"224",224,13,8,"D",41,28.5,7,85,NA,0.25262689450062,6.19260138491306,72.3987832334454,6.57624241439323,86.7718362385818,NA,0.477351198416254
"225",225,13,9,"D",40.5,23.5,25,NA,"HELSTR",0.251034620836404,6.16661367754417,73.1169952396853,6.56653131786581,69.2099527373935,"Helianthus_strumosus",-0.0899167479208481
"226",226,13,10,"D",40.5,24.5,15,85,NA,0.261260398199449,6.9241166536296,70.2864839190003,6.74326704269267,66.7027581383907,NA,0.487156969429864
"227",227,13,11,"D",40,23.5,27.5,75,"LIAPYC",0.259790673624962,6.27600741535237,67.8691654023835,6.63444327809086,89.7779591421878,"Liatris_pycnostachya",0.385578196373218
"228",228,13,12,"D",40.5,27,24.5,85,"RATPIN",0.241096082667693,6.13609895333426,72.9467637955468,6.65480455915692,84.5877611581011,"Ratibida_pinnata",0.295455197112763
"229",229,13,13,"D",40.5,26,23,75,"ZIZAPT",0.229410673692279,6.0232980397103,73.4210179695913,6.72579268568284,79.5835480336901,"Zizia_aptera",0.367758003666707
"230",230,13,14,"D",40,19.5,11,55,NA,0.227907399782581,5.97426285478387,71.7787441251186,6.83081791055706,86.7131906315755,NA,0.235161834503011
"231",231,13,15,"D",40.5,22.5,24.5,97,"SYMNOV",0.235941613527432,6.31628132764169,71.5514887116738,6.94042427379213,96.0875031848405,"Symphyotrichum_novae-angliae",0.58604918644082
"232",232,13,16,"D",40,27.5,30,45,"ANECYL",0.249505286371495,7.1668095419804,73.8598263864148,6.95040949355306,100.937014231553,"Anemone_cylindrica",0.238715984040288
"233",233,13,17,"D",40.5,28,32,85,"PENHIR",0.251414449842618,7.96800242458182,75.9675844262814,6.90450748490357,97.7353080067118,"Penstemon_hirsutus",0.322986417689566
"234",234,13,18,"D",40.5,28.5,38,85,NA,0.247386684905666,8.38315907241158,76.8485786735077,6.8731033046675,94.8572605090086,NA,0.457094927960455
"235",235,14,1,"D",39.5,28,15,65,"CORPAL",0.223144145787174,6.02637455050179,81.3094889847955,6.87988668227484,88.0434554885183,"Coreopsis_palmata",0.305160529333956
"236",236,14,2,"D",40.5,26,19,45,"CEAAME",0.221181865653044,5.78116879759177,81.7873950586934,6.90865489428648,83.1464998980509,"Ceanothus_americanus",0.161529611923742
"237",237,14,3,"D",39,24,11,85,"HIEODO",0.217993077975784,5.47065936347256,80.6975585395306,6.91378255843823,76.3826533503198,"Hierochloe_odorata",0.346170627018834
"238",238,14,4,"D",39,26.5,17,75,NA,0.214388490140847,5.28545697434907,77.3620640263463,6.81734029980942,75.3193390948102,NA,0.401221483695709
"239",239,14,5,"D",40.5,24.5,20.5,65,"ECHPAL",0.219725039171318,5.40332448426782,73.7165106613657,6.89260565069952,81.9838873043873,"Echinacea_pallida",0.174697275591309
"240",240,14,6,"D",40,23,21.5,85,NA,0.235733260273434,5.78077179883064,72.7751035576354,6.84842078279723,90.9463939890942,NA,0.31386227470663
"241",241,14,7,"D",39.5,27,21,25,"VERVIR",0.251346604246074,6.0710477709396,72.8401946508403,6.75073251277839,93.9306117535995,"Veronicastrum_virginicum",0.328061153689654
"242",242,14,8,"D",41,27,17,35,"ASTCAN",0.253336966520933,6.12142690615565,74.431048399162,6.74225816855231,89.1734736431926,"Astragalus_canadensis",0.297900851396198
"243",243,14,9,"D",39.5,25.5,36.5,NA,NA,0.253245300783377,6.19845703592364,75.5408087844092,6.81983767185123,82.5700779802397,NA,-0.00381331265521198
"244",244,14,10,"D",39.5,25,23,85,"RUDSUB",0.253207691314101,6.59572372693933,73.0241134509144,6.81000509630974,79.4161091866261,"Rudbeckia_subtomentosa",0.411293662568628
"245",245,14,11,"D",40,30.5,30.5,65,"RUEHUM",0.245461059864787,6.58771655744955,72.996669698324,6.71756196052555,86.3825753185494,"Ruellia_humilis",0.433725694569319
"246",246,14,12,"D",39.5,18,25.5,75,NA,0.237837111813613,6.44880261670343,75.7907717054351,6.65837205586967,82.5962039343106,NA,0.440239248953423
"247",247,14,13,"D",40,28.5,19.5,97,"CXMOLE",0.240785070376072,6.03827539087821,68.8564028941115,6.62126416670047,82.2061522846381,"Carex_molesta",0.352049545958634
"248",248,14,14,"D",39.5,20.5,7.5,85,"MONBRA",0.236488817648949,5.74555668140583,66.9148124209023,6.76340091665513,89.961494542763,"Monarda_bradburiana",0.280055525482697
"249",249,14,15,"D",40.5,26.5,12.5,45,"VERMIS",0.24155116371534,5.82983803723647,66.2075350460465,6.93398676764266,98.1025849020694,"Vernonia_missurica",0.196442876024105
"250",250,14,16,"D",40,19,20,97,"ERASPE",0.263168345999407,6.84230009134667,70.2410964257001,6.98284681411085,106.771766804125,"Eragrostis_spectabilis",0.308466407292627
"251",251,14,17,"D",41,31.5,35,75,"SOLSPE",0.260275953915646,7.54007677595166,73.4378395578752,6.95776669537107,101.852555974593,"Solidago_speciosa",0.442298258536789
"252",252,14,18,"",39.5,33,NA,NA,NA,0.255270954298484,7.88381983897464,74.9647206850658,6.94973981301601,98.0705301371274,NA,0.402399609669829
"253",253,15,1,"D",36.5,26,13,75,NA,0.221318727936607,5.86780756509467,82.5293322225647,6.85637777316605,88.5396571982967,NA,0.402149851414169
"254",254,15,2,"D",40,21.5,7,3,"POLBIC",0.219740331136343,5.64516275386922,83.644466014627,6.90357383463457,83.4819363284131,"Polygonatum_biflorum",-0.0845779413471237
"255",255,15,3,"D",43,23,14,NA,NA,0.217712910630658,5.30054958627286,82.6774761313977,7.02402285347995,73.6982942096194,NA,0.337169407272676
"256",256,15,4,"D",38.5,24,21,85,"RUDTRI",0.212691775846545,5.106520131155,77.5817481189903,7.02837779885081,74.3821356004665,"Rudbeckia_triloba",0.318363694717427
"257",257,15,5,"D",36.5,28,9,85,"SYMOOL",0.212010214560044,5.13519563373738,72.3768547495013,7.08816832416421,80.8811527130644,"Symphyotrichum_oolentangiense",0.414729225887056
"258",258,15,6,"D",40,24.5,27,97,"HELPAU",0.220740251909019,5.58238769177328,73.3768274176579,6.93666510732809,93.7369706413715,"Helianthus_pauciflorus",0.538766766423776
"259",259,15,7,"D",40,27.5,28,45,NA,0.230957782880069,5.95324038094186,74.5928632289555,6.82941790363091,95.3917015827951,NA,0.368083102398854
"260",260,15,8,"D",38.5,25,16,97,"MONFIS",0.234860355933923,6.150042452539,76.1778010037993,6.82817238130315,87.6884171975389,"Monarda_fistulosa",0.358762865646969
"261",261,15,9,"D",39,24,25,NA,"MAIRAC",0.233055465971381,6.29791987505379,77.3179237737238,6.85379249459974,81.5358596360679,"Maianthemum_racemosum",-0.0696765350998138
"262",262,15,10,"D",39.5,22,32,97,"CHAFAS",0.227974456524518,6.58828809889382,76.3119401994747,6.81281033624469,85.2530910478649,"Chamaecrista_fasciculata",0.555509032774689
"263",263,15,11,"D",39,26.5,36.5,15,"JUNINT",0.218928438931433,6.79088490764541,76.0184525578773,6.73981337290046,92.2116821728589,"Juncus_interior",0.458569624541365
"264",264,15,12,"D",37,24.5,22.5,65,"SYMSER",0.223429052355593,6.486540944799,74.7371697324569,6.66441375987442,95.356537829929,"Symphyotrichum_sericeum",0.367505643004912
"265",265,15,13,"D",37.5,29,11,NA,NA,0.230289076703709,6.05766145515488,71.2158728900625,6.6357251081814,96.2575145668842,NA,0.392237070169781
"266",266,15,14,"D",39,24.5,12,75,NA,0.232171609232797,5.80031431805286,69.1603723613022,6.70006592509187,96.1028593507869,NA,0.315588456331211
"267",267,15,15,"D",40.5,22.5,17,85,"ROSSET",0.236855971494954,5.92714389320547,68.650404295304,6.80699153692894,95.9076075895563,"Rosa_setigera",0.439486475921564
"268",268,15,16,"D",39.5,21,27,65,NA,0.247488420023833,6.53266617184081,70.736085837742,6.87140005400723,97.044729005309,NA,0.470544911695613
"269",269,15,17,"D",40,24.5,NA,75,"SPOHET",0.252988662613139,7.11436763546555,72.9266395197064,6.93454462415011,96.3267857083588,"Sporobolus_heterolepis",0.29609605359822
"270",270,15,18,"D",40.5,31,NA,75,NA,0.253602557433827,7.44486867291308,74.3616511499182,6.98195636196634,94.3314000545899,NA,0.512442034433098
"271",271,16,1,"D",40.5,25,16,55,NA,0.218564167624792,5.77961361282706,82.1037233336608,6.85437631665265,87.9009810600158,NA,0.262760284568078
"272",272,16,2,"D",41,27.5,NA,55,"ANDGER",0.217487347039876,5.64777725367872,83.5067582463105,6.88649324522954,87.23159122089,"Andropogon_gerardii",0.463635834483545
"273",273,16,3,"D",38.5,26.5,37,92.5,NA,0.214561237689538,5.35189806842585,81.6296487326291,7.00980818952924,79.2390426336044,NA,0.38141306576867
"274",274,16,4,"D",39.5,18,26.5,85,"ECHPUR",0.209684447973146,5.17588673559235,77.4445176078517,7.05348984362444,80.1080503007005,"Echinacea_purpurea",0.307922178891281
"275",275,16,5,"D",39,21.5,20.5,97,"SYMERI",0.206859928191754,5.27624634581451,74.4999001278568,7.0105584617673,90.2107547743768,"Symphyotrichum_ericoides",0.404879754299646
"276",276,16,6,"D",40,25.5,21,55,"GENAND",0.207655165460153,5.64304102114954,75.1488394914907,6.84164753678303,104.24509003537,"Gentiana_andrewsii",0.390565150052572
"277",277,16,7,"D",40,28.5,22.5,75,NA,0.213429340647141,5.91015216595637,74.2355402581054,6.7687151911661,100.096193829708,NA,0.388969740377199
"278",278,16,8,"D",40,24,15.5,85,NA,0.217472344082057,6.14241689590999,75.1112991681244,6.78275812374209,88.6149463819595,NA,0.42488051585983
"279",279,16,9,"D",39.5,23,32,55,"SENHEB",0.214418332733838,6.2472549349672,76.8748829019882,6.79228391678954,81.1431461742754,"Senna_hebecarpa",0.446559399790176
"280",280,16,10,"D",39,26.5,34,15,"BROKAL",0.214475192758528,6.46725305836595,74.8661277566182,6.74305382355363,94.7712069535563,"Bromus_kalmii",-0.111411289508802
"281",281,16,11,"D",39.5,29,10.5,97,NA,0.213760868809508,6.57110547673647,73.0377595986734,6.68625874600897,106.50196194122,NA,0.428160233224136
"282",282,16,12,"D",39,26,29.5,45,"SILINT",0.21650809914743,6.34147000125108,72.8984128210847,6.65388686295045,112.89666157719,"Silphium_integrifolium",0.193338292414909
"283",283,16,13,"D",39,20,34,92.5,"AGANEP",0.219555085908972,6.06051580818995,74.6545763005994,6.64019676116398,114.163443646562,"Agastache_nepetoides",0.480657747049077
"284",284,16,14,"D",36,28,11,45,NA,0.223254734512349,5.9548258976816,73.5089129144386,6.64484979211955,104.991581416755,NA,0.267650729511769
"285",285,16,15,"D",38.5,28,12,45,"ERYYUC",0.226062414569621,6.05195730671704,71.7483468740495,6.68162010553306,94.803381725689,"Eryngium_yuccifolium",0.215566317830699
"286",286,16,16,"D",39,23.5,15,75,NA,0.230102721723031,6.39539297016432,72.0619041187578,6.72149126724816,88.4844781321538,NA,0.481682542784383
"287",287,16,17,"D",40,24,18.5,75,NA,0.241766240167045,6.79192830116327,73.0136582093036,6.88972747531765,92.1636672204717,NA,0.477048931667787
"288",288,16,18,"D",39,26.5,23.5,85,NA,0.248264563240888,7.07240600365191,74.0377605926087,7.01218419476355,92.6151642219284,NA,0.350846927786269
"289",289,17,1,"E",40,30,19,85,"PYCTEN",0.215484988499358,5.68449184654453,79.2679846577742,6.90987665077868,81.7668078972668,"Pycnanthemum_tenuifolium",0.208588653039811
"290",290,17,2,"E",40.5,27,20,99.5,"RUDFUL",0.214218150173463,5.41162600698231,78.6053630607003,6.99822666383786,78.3105609699463,"Rudbeckia_fulgida",0.302561567140754
"291",291,17,3,"E",38.5,25,24.5,97,NA,0.212293582688221,5.30019946948457,78.8012817440585,7.01758298542209,78.3988459725653,NA,0.30528630615175
"292",292,17,4,"E",40,28.5,13,75,NA,0.209758952643034,5.31388938194677,77.2260379424823,6.99928039219736,83.0249311763193,NA,0.374280718959756
"293",293,17,5,"E",39.5,22,8.5,65,NA,0.208313651201601,5.49638413769808,75.5033366347414,6.93426684026983,92.5661360839889,NA,0.373147126178828
"294",294,17,6,"E",41,26.5,33,15,"ASCHIR",0.20889497984448,5.78400959267625,74.0477273458332,6.80755138136426,101.254541633155,"Asclepias_hirtella",0.244853949709584
"295",295,17,7,"E",38.5,26.5,32,65,NA,0.210653498935416,6.03017982862324,71.6296681470392,6.71698544798594,100.606579568433,NA,0.408461458852403
"296",296,17,8,"E",39.5,27.5,19,65,NA,0.21580225934727,6.39937191576536,72.187070380999,6.7313463692711,96.408902118648,NA,0.357612618791103
"297",297,17,9,"E",41,27,NA,85,"DESILL",0.211870222088823,6.38243126973908,72.5335482788091,6.71187894574704,105.104428920368,"Desmodium_illinoense",0.395570099456783
"298",298,17,10,"E",40,26.5,37,65,"ALLCER",0.21060719670164,6.37741797011295,69.9590935087452,6.62688684917748,114.553244675541,"Allium_cernuum",0.302562775873137
"299",299,17,11,"E",40,27,18.5,85,"SYMLAE",0.212215730819972,6.36748823551421,67.2133884146731,6.56226395924268,119.486702003612,"Symphyotrichum_laeve",0.446463938021662
"300",300,17,12,"E",39.5,28,19,65,NA,0.216707024805147,6.33696514843688,69.4330974899594,6.59749221862732,119.348012697767,NA,0.183031165054657
"301",301,17,13,"E",40.5,22.5,3,NA,NA,0.217607852286067,6.3461499148373,77.2609279511235,6.62970178949171,120.973761024256,NA,0.348671723137391
"302",302,17,14,"E",40,26,25,45,"VIOPDF",0.219766888377962,6.24875254049218,75.2038120357321,6.60731004675428,104.435478547985,"Viola_pedatifida",0.35653743782754
"303",303,17,15,"E",40,27.5,25.5,65,"BRIEUP",0.221402199508,6.13530669530716,71.8499755076521,6.61158498495629,94.711600581076,"Brickellia_eupatorioides",0.316884571062778
"304",304,17,16,"E",39.5,27,32.5,65,"SISANG",0.22563449493605,6.25282359231073,71.4369343933535,6.67720471005175,93.3331657367424,"Sisyrinchium_angustifolium",0.382610793903197
"305",305,17,17,"E",40.5,16,28.5,65,NA,0.234714627269421,6.53503706245028,72.8265209947741,6.87066851094661,96.3206804862135,NA,0.463803799985462
"306",306,17,18,"E",40,26.5,24,15,"PHLPIL",0.243572480000095,6.79851242805921,73.9492873322588,7.0556083959854,95.9459842735594,"Phlox_pilosa",0.0760221148039097
"307",307,18,1,"E",39.5,30.5,22.5,85,"CXGRAV",0.210482680974668,5.60964592310933,77.7345967645853,6.89771850960068,78.3601174005985,"Carex_gravida",0.318062291948957
"308",308,18,2,"E",39.5,29.5,19,65,"CXBICK",0.209550554340738,5.40982647618565,77.4566984759783,6.95259919358991,75.9099471120448,"Carex_bicknellii",0.209849690258192
"309",309,18,3,"E",37.5,22.5,11,55,NA,0.210246152806688,5.3311535743431,77.6608890253081,6.97102371809337,75.4337362052366,NA,0.36126123860378
"310",310,18,4,"E",38,24.5,NA,75,"PENDIG",0.211304603075705,5.45018260677685,77.1966904794526,6.94782212221062,78.7354423991055,"Penstemon_digitalis",0.335817035486905
"311",311,18,5,"E",38.5,28.5,NA,75,"LIASPI",0.212598471136694,5.70148605147961,76.3690044731954,6.89340222307987,85.9674382965994,"Liatris_spicata",0.291228304000011
"312",312,18,6,"E",38.5,25.5,30,85,NA,0.215520667658365,6.03685052502063,74.7571952796134,6.80821514035827,92.3121873846868,NA,0.38738316345842
"313",313,18,7,"E",38.5,32.5,27,25,"VERSTR",0.220700174720561,6.49954158959574,72.7949006688107,6.75661894144561,93.0224424273916,"Verbena_stricta",-0.029297984646135
"314",314,18,8,"E",41.5,27,NA,65,"ARNPLA",0.225448826672602,6.92733342229765,71.2317170451083,6.73623162642276,94.1507330183838,"Arnoglossum_plantagineum",0.246236794976014
"315",315,18,9,"E",39,30,NA,75,NA,0.21368395405869,6.55949757090261,69.7619455458338,6.6711702005635,122.059415299261,NA,0.493276879271442
"316",316,18,10,"E",41,34,17,85,NA,0.212448568964836,6.48882312604828,66.3099388058332,6.52526044009769,124.36168203568,NA,0.434903388508653
"317",317,18,11,"E",39,29.5,27,25,"LESCAP",0.214115784488623,6.45005640328523,62.8226446260547,6.40862014513946,121.438004385547,"Lespedeza_capitata",0.10687178250404
"318",318,18,12,"E",40,26.5,NA,65,NA,0.221887745037368,6.72798086915734,66.9039412418084,6.48043991818908,104.734044168412,NA,0.252709279745706
"319",319,18,13,"E",39,23.5,20.5,75,NA,0.227187511381886,7.03411528699972,72.4036726213324,6.55480683065158,85.0302672480178,NA,0.261455622364814
"320",320,18,14,"E",38,27.5,32.5,85,NA,0.222751561130134,6.63212112106543,71.5176997276296,6.56405747930795,86.0302877744863,NA,0.362086380893629
"321",321,18,15,"E",39.5,27,27,75,NA,0.220366400119666,6.18021005729399,68.4417254498706,6.54858829870926,90.0352448245771,NA,0.312481019157789
"322",322,18,16,"E",38,25,14.5,35,"ANEVIR",0.22143926459543,6.06182266724557,68.6347816525011,6.60044244207608,97.2675772382682,"Anemone_virginiana",0.31328896859359
"323",323,18,17,"E",39,27.5,21,45,NA,0.224334241918982,6.34585601596087,73.3203326591927,6.80356789219896,101.479046216933,NA,0.386539362642627
"324",324,18,18,"E",39,31.5,25,NA,"CASCOC",0.231011442398972,6.6598414349881,75.0611367174892,6.97562692055726,99.2098809236902,"Castilleja_coccinea",0.0049216544471414
"325",325,19,1,"E",40,23,19,65,"CXBREV",0.205139351418953,5.55703410165532,76.9903544638848,6.85560912901482,76.9730528703447,"Carex_brevior",0.353300782245307
"326",326,19,2,"E",39.5,30,30,55,"PYCPIL",0.205480575007777,5.44998918596574,76.4605186005371,6.89582857677232,73.3645841443579,"Pycnanthemum_pilosum",0.166350759296777
"327",327,19,3,"E",40.5,25.5,9,NA,NA,0.2082710473328,5.42724966926151,76.8142298317987,6.9076551913342,70.7943058388311,NA,0.243295652669083
"328",328,19,4,"E",38.5,21.5,23,25,"LIAASP",0.212666621509797,5.61234936646442,77.6218762894678,6.89393349299575,71.6107630849475,"Liatris_aspera",0.179092648806613
"329",329,19,5,"E",40,26,5.5,99.5,"HELAUT",0.21490927633716,5.85053352405112,77.6968512786075,6.86068350840829,79.0951483506081,"Helenium_autumnale",0.467409370752194
"330",330,19,6,"E",34,22.5,8.5,85,"VERFAS",0.217338763031798,6.1809007998563,76.5592954519764,6.82765534834199,85.7011401731568,"Vernonia_fasciculata",0.396881367437295
"331",331,19,7,"E",38.5,28.5,28,75,NA,0.222495019583125,6.65052515927453,74.7235332225351,6.80934393316553,88.464365925875,NA,0.459540760781256
"332",332,19,8,"E",39,25,36,55,"SILLAC",0.223971005099381,6.97348374403598,72.486057701358,6.76880679510671,92.4466919167682,"Silphium_laciniatum",0.245583825129899
"333",333,19,9,"E",37.5,26.5,36,92.5,NA,0.218495006980505,6.93506611738229,69.8291771377705,6.67557418323606,104.224046231709,NA,0.48084043904909
"334",334,19,10,"E",40,21.5,25,65,"AGASCR",0.219900857440766,6.91264651260904,65.994677306187,6.53317917670696,107.148683996107,"Agastache_scrophulariifolia",0.416030221112835
"335",335,19,11,"E",39.5,30,NA,85,NA,0.227204442162535,7.00916648314526,64.3291960746161,6.40333938839653,101.627573841416,NA,0.463038612092951
"336",336,19,12,"E",40.5,29.5,NA,15,"DALPUR",0.225593769327789,6.99492726655821,64.73904051685,6.46133415420872,88.3363177334893,"Dalea_purpurea",0.333939702300772
"337",337,19,13,"E",38.5,22,33,85,NA,0.222827292979256,6.91428818218156,66.7422903377131,6.52721987360437,76.0552562631843,NA,0.320877839391886
"338",338,19,14,"E",37.5,27.5,20,0,"CAMSCI",0.218673068369414,6.5884374215374,66.3088355215769,6.56219828148131,77.2230506291548,"Camassia_scilloides",0.0750842979309463
"339",339,19,15,"E",39.5,26,29,65,"LIASCN",0.21700107062853,6.15437894674354,63.9899330572404,6.53614975974999,86.6430421311105,"Liatris_scariosa",0.299153435748686
"340",340,19,16,"E",41.5,23.5,21.5,75,"CXNORM",0.216627874776681,5.90282214055164,64.0496956990495,6.53615162501541,97.8751689338936,"Carex_normalis",0.202098791901256
"341",341,19,17,"E",40,33,12,65,"POTARU",0.21421265283468,6.34740972477311,73.5959871639414,6.783372243292,104.273617965431,"Potentilla_arguta",0.165439509635969
"342",342,19,18,"E",39.5,25,12.5,35,"AMOCAN",0.222214126230284,6.70615499478466,74.6950880795565,6.96513141872905,100.380765904464,"Amorpha_canescens",0.0671872951614782
"343",343,20,1,"",39.5,13.5,13,NA,NA,0.204355329245587,5.53540831212604,73.760025030085,6.84907061659465,75.0891735085086,NA,0.281764489560346
"344",344,20,2,"E",39,21.5,16,85,"SOLJUN",0.202874971226492,5.42253336039477,73.5064537372267,6.8694852536017,70.5625036678122,"Solidago_juncea",0.272348685506229
"345",345,20,3,"E",38.33,22.67,16.5,97,"DSMILL",0.205336321379352,5.46628859021461,74.3089817160585,6.88643798747424,66.5686979226801,"Desmanthus_illinoensis",0.52237437177114
"346",346,20,4,"E",40,22.5,20,55,NA,0.211839482220737,5.81355561514011,78.0333184482542,6.88109673194033,68.0381811656761,NA,0.325037234135392
"347",347,20,5,"E",38.5,28,16.5,97,"CXANNE",0.21179477761714,5.92514587088288,79.6046709181501,6.83836473163491,77.6713078038852,"Carex_annectens",0.380617553767603
"348",348,20,6,"",40,14.5,27,NA,NA,0.213452220390654,6.16653768679485,77.9889961141138,6.84232107289435,83.1341436898912,NA,0.271026818949925
"349",349,20,7,"",39,20,9.5,NA,NA,0.21824498107373,6.58725656955236,75.8315569243086,6.86442194186758,84.8342334782793,NA,0.26010019640637
"350",350,20,8,"E",36,23,30,85,"TEUCAN",0.220681841853598,6.93013311729387,73.4682844645582,6.83068697091294,85.5856243693795,"Teucrium_canadense",0.390783511526762
"351",351,20,9,"E",38.5,25.5,33,0,"LILMIC",0.21846179651389,7.11125327423198,70.7514343914456,6.73633939600823,86.2558076938311,"Lilium_michiganense",0.0766864973324577
"352",352,20,10,"E",39.5,23.5,38,65,"THADAS",0.220727696787122,7.15235599741971,65.3521672535296,6.6385041987229,85.961955773598,"Thalictrum_dasycarpum",0.101558890880886
"353",353,20,11,"E",39,24,26,3,"DALCAN",0.223869348901431,7.20313228856957,60.2202500938096,6.59834800089789,80.3941511685547,"Dalea_candida",0.161232514548462
"354",354,20,12,"E",40.5,21.5,NA,75,NA,0.220425373772815,6.95638526844823,62.4474780080464,6.56047887875633,77.013716885213,NA,0.395228168944423
"355",355,20,13,"E",39.5,24.5,27.5,85,NA,0.213541178356085,6.657706563328,64.237099141852,6.59183446222287,73.9981153498798,NA,0.456715415785143
"356",356,20,14,"E",40.5,26,22.5,75,NA,0.208232310554068,6.43335315286384,64.1092773868625,6.64973738832421,76.1454835289805,NA,0.38378755126187
"357",357,20,15,"E",41.5,26,31.5,75,"SORNUT",0.209910111493442,6.25097937589136,63.1996263608689,6.65984494444078,86.8788024701938,"Sorghastrum_nutans",0.244211560891879
"358",358,20,16,"E",39.5,25.5,14,35,"OENPIL",0.214472125196177,6.24943187387315,63.8808784515673,6.70690296106828,97.1363173911667,"Oenothera_pilosella",0.337063652478305
"359",359,20,17,"E",38.5,31.5,4.5,15,"BAPALB",0.220609419436438,6.64079171600317,67.324347271169,6.89936557847303,100.874690183546,"Baptisia_alba",0.0405330256390658
"360",360,20,18,"E",38,25.5,8.5,35,"HYPPYR",0.222762910824018,6.8743437423339,70.2605109321544,7.04374393005959,95.3891455260158,"Hypericum_pyramidatum",0.263340094521215
"361",361,21,2,"F",40,30,14,3,"ALLCAN",0.202101098762323,5.44872365039226,70.1868729156314,6.86844990616861,70.820416371866,"Allium_canadense",0.0501016609905937
"362",362,21,3,"F",38.5,15,18,3,"ASCSYR",0.199868762309702,5.39385419361123,69.9081132001697,6.88803458521595,68.1178265078142,"Asclepias_syriaca",0.051465807656962
"363",363,21,4,"F",39.5,22,11,97,"OLIRIG",0.202977032411512,6.00151186309163,75.4301009384673,6.95757948348966,75.4609914449677,"Solidago_rigida",0.482198237011264
"364",364,21,5,"F",38,21,16.5,75,NA,0.201181763102892,5.87981314072385,78.7879795573485,6.85444282825988,82.1939526469581,NA,0.331371214056905
"365",365,21,6,"F",40,26.5,14.5,65,NA,0.207017013806078,6.08865921152646,76.5409003000676,6.87750627689374,83.7363001556251,NA,0.403191221837846
"366",366,21,7,"F",39.5,18,11,55,"HEURIC",0.215300809481054,6.50421440676322,74.889946483833,6.93560709585861,84.0741975027683,"Heuchera_richardsonii",0.0914793693274422
"367",367,21,8,"F",40,20,14.5,15,"JUNTEN",0.219233426889628,6.80551186126108,73.2049323784558,6.9103281790639,82.5237629673322,"Juncus_tenuis",0.0225924890271811
"368",368,21,9,"F",40,24.5,21.5,75,NA,0.219371314788992,6.96713934355924,71.0517093618428,6.81103238006335,80.0390276914786,NA,0.388449255278806
"369",369,21,10,"F",40,24.5,23.5,75,NA,0.218531619407554,7.00340325826523,67.5607603125861,6.70970283691284,76.8566925334804,NA,0.385673675022769
"370",370,21,11,"F",41.5,27.5,23.5,25,"CAMROT",0.217331303982629,6.92366209138979,64.3853830905458,6.65668580498316,74.1777354887915,"Campanula_rotundifolia",0.0554222162789038
"371",371,21,12,"",41,30.5,21.5,NA,NA,0.214223280311687,6.66065847752225,64.4500169382662,6.63089370796382,74.4681535618092,NA,0.342473449624726
"372",372,21,13,"F",40.5,23.5,25,45,"VERGIG",0.208481534398603,6.38532929001431,65.0328783697356,6.67701157635829,76.4069821695636,"Vernonia_altissima",0.090993028997717
"373",373,21,14,"F",38,26.5,13.5,NA,NA,0.201317797181222,6.36044428561414,64.5299732678265,6.79973208386061,80.0429286293427,NA,0.329691142195119
"374",374,21,15,"F",41,18.5,17.5,85,NA,0.207751771374006,6.37899196782025,63.8442453828446,6.8355032648796,91.5667327431447,NA,0.364348407119918
"375",375,21,16,"F",40,29.5,9,NA,NA,0.215580769106457,6.44813205549853,64.4745936240209,6.88002570782965,98.0261914211398,NA,0.430546852678563
"376",376,21,17,"F",39.5,26,9.5,75,NA,0.221125162129331,6.69711696240839,66.505468461589,7.00664654195779,95.2123530168331,NA,0.424577228180449
"377",377,21,18,"",41.5,34,9.5,NA,NA,0.221599831104989,6.94869219377768,68.555408341266,7.12580981315024,87.1444294182101,NA,0.409870198192782
"378",378,22,3,"F",37.5,26,13.5,45,"KOEMAC",0.201088846270298,5.70452803026991,69.4197070107281,6.92809381809268,72.0463116863293,"Koeleria_pyramidata",-0.0116889866443007
"379",379,22,4,"F",38.5,24,16.5,75,NA,0.197300180413124,5.91342946914382,71.2670489107626,6.96338682532579,74.5817433095565,NA,0.339562703085921
"380",380,22,5,"F",39,19,19.5,75,NA,0.193024329391171,5.9023317933042,71.1884967226237,6.94347241736275,75.6755559088181,NA,0.363828225494938
"381",381,22,6,"F",37.5,15.5,15,75,NA,0.207285952169553,6.12292240830942,71.8492103138747,6.97830747973848,82.4802763886836,NA,0.416910497194865
"382",382,22,7,"F",40.5,13.5,19,35,"EUPCOR",0.221466410733803,6.49752545642099,72.2060546970708,7.04298178622739,87.1302908905126,"Euphorbia_corollata",0.0225768400805634
"383",383,22,8,"F",39.5,30,10,75,NA,0.222629287520702,6.6426932030877,72.1420335238339,6.98050065626304,84.1406953649319,NA,0.408406748269346
"384",384,22,9,"F",39,27,NA,97,"HELMOL",0.220609903755982,6.67239182201657,71.683956693646,6.84874713159072,78.8870770745232,"Helianthus_mollis",0.416169421482702
"385",385,22,10,"F",39.5,26.5,37,25,"AGATEN",0.21834707255969,6.66511270257875,70.6226418021498,6.73586207224017,73.8269566340085,"Agalinis_tenuifolia",-0.118694466252083
"386",386,22,11,"F",38.5,26.5,37,65,"SILTER",0.214065294906324,6.56966821439706,68.4766568767541,6.70388959758227,72.8996910414334,"Silphium_terebinthinaceum",0.271539422612638
"387",387,22,12,"F",33.5,20,26,85,NA,0.211217218862745,6.33715094295532,67.1855510525807,6.70739685510738,75.9800929788412,NA,0.446864807816316
"388",388,22,13,"F",38,27,5.5,35,"ASCVER",0.212187347100632,6.12623881613235,66.4958485540259,6.75995321547571,84.2354607397764,"Asclepias_verticillata",0.101343711450988
"389",389,22,14,"F",36.5,28,18,65,NA,0.21494593999074,6.43047531806444,63.7905052607378,6.98875456377984,98.6659589051294,NA,0.390408365578817
"390",390,22,15,"F",40.5,27.5,15,85,"SCHSCO",0.215748117621535,6.4620918226931,63.255961284093,6.98488761226302,103.97928497322,"Schizachyrium_scoparium",0.174351841880148
"391",391,22,16,"F",41.5,13.5,7,65,"EUPALT",0.219734723747418,6.45405755995956,64.8588570915462,6.96996114723602,105.032131554582,"Eupatorium_altissimum",0.348965503105146
"392",392,22,17,"F",41.5,28.5,3.5,45,NA,0.223319592585486,6.57328270439523,68.0493411846715,7.02724303752407,99.2210274227989,NA,0.378661619474384
"393",393,22,18,"",35.5,34,27,NA,NA,0.224091498093714,6.76939038098921,69.7226458718406,7.0914397328486,94.1858786874849,NA,0.419624019410977
"394",394,23,4,"F",40.5,27,5,55,"DESCAN",0.202674672695773,6.00837739073008,69.9649592131616,6.97552519270066,75.6762623358649,"Desmodium_canadense",0.28307835261555
"395",395,23,5,"F",40.5,29,11.5,75,NA,0.203061005149225,5.99743374216032,70.1555342978024,6.98498496566624,78.1140648633432,NA,0.45891071870144
"396",396,23,6,"F",41.5,21,11,75,NA,0.213582451070659,6.03165018149903,70.2642122881242,7.01938918223459,83.0175415878333,NA,0.405739784365561
"397",397,23,7,"F",41.5,28,20,85,NA,0.228087958319981,6.23066443611215,70.3831230676004,7.08911018448671,88.4414767855803,NA,0.378067748900522
"398",398,23,8,"F",40.5,25.5,22,85,NA,0.225928079946113,6.27683052630678,71.3310361638002,6.99224645478999,84.4682831307404,NA,0.485604895514643
"399",399,23,9,"F",40.5,27,13,85,"SPIALB",0.223268681062448,6.30563561863654,71.7233916027534,6.868241176641,79.1998943749366,"Spiraea_alba",0.371854622147147
"400",400,23,10,"F",40,27,13,85,"ZIZAUR",0.220544501674135,6.26647796395014,71.5122498920641,6.7861517145312,73.1509447581713,"Zizia_aurea",0.4113361840745
"401",401,23,11,"F",39,24,9.5,15,"ASCTUB",0.212981893076699,6.23506763001217,69.1504212433225,6.81843018289847,74.1111785903998,"Asclepias_tuberosa",0.0650498594418716
"402",402,23,12,"F",40,27,14.5,75,NA,0.208450890425435,6.15818934859379,67.0811321851933,6.86705034470574,78.4511124630742,NA,0.364354749902875
"403",403,23,13,"F",40,26.5,12,NA,NA,0.210291371888672,6.13965999218011,65.1908406503192,6.92941414848707,88.406967995,NA,0.0193571448212402
"404",404,23,14,"",40,32.5,11.5,NA,NA,0.215502206142575,6.33662528583854,62.968279040763,7.02484896062021,102.142365901366,NA,0.405695413946041
"405",405,23,15,"",40.5,32,17.5,NA,NA,0.219769361340594,6.45570666975697,61.7606781498844,7.02356145972693,111.84732356208,NA,0.355479664622166
"406",406,23,16,"",41,35,12.5,NA,NA,0.224943144663917,6.49416188605034,63.3752014697155,6.99498127409383,114.783650993977,NA,0.327778119686947
"407",407,23,17,"F",40.5,28,8.5,0,"HYPPUN",0.227590946777167,6.45239691402442,68.129108750306,7.00967480620048,109.060527931903,"Hypericum_punctatum",-0.155927495708712
"408",408,24,5,"F",39,14.5,4,25,"POLREP",0.21055008296186,6.11024500318671,71.4061101199287,6.98977837970421,79.5583075462542,"Polemonium_reptans",0.262696634632744
"409",409,24,6,"F",NA,NA,NA,NA,NA,0.212770520458748,5.91670004565287,72.17836512685,6.98721770376758,81.5678183554089,NA,0.301530733509491
"410",410,24,7,"F",40.5,25.5,7.5,97,"EUTGRA",0.211156936535166,5.52347330205119,72.1875655238406,6.94236630362586,80.698758438832,"Euthamia_graminifolia",0.476868934401613
"411",411,24,8,"F",37,22,11.5,75,"PYCVIR",0.216583229039441,5.88731631698532,72.6040058673561,6.96611598824824,84.3715598654681,"Pycnanthemum_virginianum",0.273472878265553
"412",412,24,9,"F",40,24.5,3,92.5,NA,0.216439454170991,6.03052193151776,71.9463655565673,6.94410050333582,86.3770058227146,NA,0.418515078892939
"413",413,24,10,"F",36.5,21.5,16.5,85,"ROSBLA",0.211567957034074,6.01108677730577,70.5255960487141,6.92956025254358,84.912732335812,"Rosa_blanda",0.411638886557762
"414",414,24,11,"F",39,20.5,22,85,NA,0.202940489414327,6.03114809205346,68.6622619442292,6.98250579437682,81.0882703281681,NA,0.410779681127318
"415",415,24,12,"F",38.5,23.5,12,85,"HELOCC",0.196490678660541,6.06803897238356,66.6518652383178,7.04902422876877,78.9368794998762,"Helianthus_occidentalis",0.338199717263892
"416",416,24,13,"F",39,20,5,75,"PHYVIR",0.200112325369479,6.11896259613648,64.3577786512887,7.07003915954265,86.339894379767,"Physostegia_virginiana",0.314804279179066
"417",417,24,14,"F",39.5,22.5,16.5,25,"JUNDUD",0.208087373889933,6.25937761998049,62.1660046514107,7.07197382518911,99.1000545150823,"Juncus_dudleyi",0.0368652584148231
"418",418,24,15,"F",41,20.5,10,75,NA,0.217351894517674,6.450126651922,60.1841530565727,7.04407583732064,112.345757528386,NA,0.390872505498805
"419",419,24,16,"F",39,19,29,75,"CXBLAN",0.227563602437192,6.63557190975968,59.7137887611154,7.01201157379254,122.547135311372,"Carex_blanda",0.298072748069916
"420",420,25,6,"F",40.5,17.5,5,75,"ELYCAN",0.215901163304335,6.3006753319984,74.9537041790078,7.02257255191317,82.5906480850512,"Elymus_canadensis",0.0662761604621392
"421",421,25,7,"F",41.5,17.5,13.5,75,"BOUCUR",0.216446272872343,6.38076128682801,76.8389894606243,7.05014265862679,83.8875437656351,"Bouteloua_curtipendula",0.229172090045329
"422",422,25,8,"F",41,17.5,12,75,"ROSCAR",0.212313286534059,6.13399135247648,74.8827859896662,7.02993624136008,92.0236016213772,"Rosa_carolina",0.417980349616816
"423",423,25,9,"F",40.5,24.5,34.5,15,"ASCSUL",0.206366721939564,5.94648672675535,72.5535028141919,7.01333195853879,101.535129003512,"Asclepias_sullivantii",-0.0210939579812448
"424",424,25,10,"F",41,21.5,29,65,NA,0.198568162648443,5.82352659516096,70.149366748931,7.01927410136636,105.576603548227,NA,0.248452152445792
"425",425,25,11,"F",40.5,23,26,65,"PARINT",0.189303615387467,5.88474824847387,68.4376230892048,7.08845309638762,94.2787719906837,"Parthenium_integrifolium",0.20135999922369
"426",426,25,12,"F",43,26,17,65,NA,0.181164290696788,6.00318881951093,66.7983033754352,7.17582387131651,80.3672440197377,NA,0.332277836634886
"427",427,25,13,"F",40.5,19.5,1,35,"RUDHIR",0.1874335783521,6.05903104360725,64.5779347237637,7.15612913950217,84.0471053307395,"Rudbeckia_hirta",0.0217500804609991
"428",428,25,14,"F",40,20.5,29,65,"HELHEL",0.196952792114011,6.15757189197205,62.5343036008494,7.11434708451012,93.8733560284194,"Heliopsis_helianthoides",0.179953367127423
"429",429,25,15,"F",41.5,27,23,55,NA,0.20907891082515,6.35915566296043,60.8191638063604,7.07176708682211,106.507422964382,NA,0.312579079367983
"430",430,26,7,"F",40.5,14,9,25,"SENMAR",0.215748485047582,6.48643508731688,77.082504412306,7.06236987946069,89.4157096568243,"Senna_marilandica",-0.196018399367618
"431",431,26,8,"F",41,17.5,13.5,65,"PANVIR",0.209626142000066,6.21565228329131,75.5708292496929,7.04997463035156,99.3151388959867,"Panicum_virgatum",0.315866826752383
"432",432,26,9,"",39,10,17,NA,NA,0.201045773912134,5.90917718273858,72.8455247743104,7.0313453605796,112.240869245838,NA,0.257772274525627
"433",433,26,10,"F",26,21.5,NA,75,"SOLNEM",0.191437294008336,5.68154722395806,69.9586212077312,7.035550293875,121.476843393226,"Solidago_nemoralis",0.353723658894339
"434",434,26,11,"F",33.5,15,12,15,"BAPBRA",0.184183185131445,5.77152335879903,68.3521637128602,7.10289247454876,105.172387892243,"Baptisia_bracteata",-0.013963981534857
"435",435,26,12,"F",40,13,22,85,"ANECAN",0.179475384609555,5.90951740698243,66.8094577907271,7.16956711845504,88.7364101194362,"Anemone_canadensis",0.268950002835755
"436",436,26,13,"F",39,16.5,13,3,"DODMEA",0.183386180114454,6.00154826353116,65.000577913827,7.1668803148445,86.4924087506095,"Dodecatheon_meadia",-0.122087410193342
"437",437,26,14,"F",42.5,21,22,45,"BLECIL",0.190711006176679,6.07661197262653,63.1530924058599,7.12660811557243,91.6786339901803,"Blephilia_ciliata",0.0787367456573656
